"id","PartNo_PartName","SupplierCode","SupplierName","ControlPlanVersion","PDIPlanVersion","Uploaded_on","Download_Upload"
1,0719934M91-Diff Case RH,ashwinms,ashwinms,19,19,,
2,11-child part 1,ashwinms,ashwinms,1,1,04-12-2017 11:39,
3,123-dqms2018,ashwinms,ashwinms,8,8,15-02-2018 11:16,
4,22-22,ashwinms,ashwinms,2,2,,
5,23-23,ashwinms,ashwinms,1,1,06-12-2017 11:39,
6,24-24,ashwinms,ashwinms,1,1,06-12-2017 11:39,
7,25-25,ashwinms,ashwinms,1,1,07-12-2017 11:39,
8,3-child part 3,ashwinms,ashwinms,154,None,04-12-2017 11:39,
9,3599003M96-3599003M96,ashwinms,ashwinms,1,1,15-02-2018 10:25,
10,3599003M97-3599003M97,ashwinms,ashwinms,1,1,16-02-2018 10:47,
11,3759640M01-PTO SHAFT (FACE SEAL),ashwinms,ashwinms,23,26,17-01-2018 19:08,
12,3759640M04-PTO SHAFT (FACE SEAL),DS4031,SARANG AUTO PARTS,14,14,,
13,3759640M04-PTO SHAFT (FACE SEAL),ashwinms,ashwinms,18,18,19-01-2018 10:55,
14,3759640M55-3759640M55,ashwinms,ashwinms,5,5,21-02-2018 07:59,
15,3771134M01-Diff Case LH,ashwinms,ashwinms,1,1,08-12-2017 11:39,
